1, inquiries@asiapacificairlines.com., inquiries@asiapacificairlines.com, careers@asiapacificairlines.com, becky_luarca@pal.com.ph, your.name@youremail.com, feedback@ch-aviation.com, info@flyapa.com, jobs@flyapa.com2, refunds_intl@pal.com.ph, refunds_domestic@pal.com.ph, onlinebooking_refunds@philippineairlines.com, baggageservices@mascorp.ph, baggage_tracing@pal.com.ph, mnlbcp@pal.com.ph, mabuhaymiles@philippineairlines.com, corpcomms@pal.com.ph, ovpsecurity@pal.com.ph, wecare@pal.com.ph, placement@pal.com.ph, recruitment@pal.com.ph, cargoreservations@pal.com.ph, cargo_reservations@pal.com.ph, mactan_cgosvcs@pal.com.ph, ges_cargo@pal.com.ph, ilo_cgo@pal.com.ph, ppsffpr@pal.com.ph3, mvillegas@flyskyjetair.com, group@flyskyjetair.com, jjrl09152019@gmail.com, hello@contactforsupport.com4, info@eswacaa.co.sz, marketing@eswacaa.co.sz, your.name@youremail.com, feedback@ch-aviation.com, info@flyairlink.com, customercare@flyairlink.com, marketing@airlinkcargo.co.za5, headquarter@biopharm.dz, info@euromenafunds.com, relations.investisseurs@biopharmdz.com, syndication@oxfordbusinessgroup.com, Sara.shamel@Boehringer-Ingelheim.com, webmaster@boehringer-ingelheim.com6, info@bidvest.co.za, jqT@C.C, .@H.BP, D@O8.F, 1D@MS.rG, .C@IA.C, info@bidvestbank.co.za, servicecentre@bidvestbank.co.za, fraudsquad@bidvestbank.co.za., customerfeedback@bidvestcapital.co.za, fleetmanagement@bidvestbank.co.za, sales@bizcommunity.com, q@bc.E, 5@R.cP, brphotography@hotmail.co.uk, za-w@o.C, normalize@6.0.0, jquery@2.2.4, es5.shim@4.1.0, lodash@3.10.1, react@0.14.7, fitvids@1.1.0, jquery.slick@1.6.0, email@standardbank.co.za, information@standardbank.co.za, Complaints.CustomerRelations@standardbank.co.za7, info@bnamericas.com, investor@mercadolibre.com, gbarton@bnamericas.com, info@BNamericas.com, amorales@bnamericas.com, support@bnamericas.com, ezequiel.minaya@wsj.com, d63d3b29fd374c3d95fa814a38c9bac9@app.getsentry.com, o-fonts-assets@1.3.28, investor.relations@bhpbilliton.com, basemetals.corporateaffairs@bhpbilliton.com, CopperCa@bhpbilliton.com, GroupHR.Employment@bhpbilliton.com, IronOre@bhpbilliton.com, media.relations@bhp.com, bhpbillitonpetroleum@bhpbilliton.com, marketingcomms@bhpbilliton.com, dspexternalaffairs@bhpbilliton.com, hsec@bhpbilliton.com, Foundation@bhpbilliton.com, petroleumownerrelationsrequest@bhpbilliton.com, Ethics.Team@bhp.com, enquiries@bhpbilliton.com, online@bhp.com, metcoalinfo@bhpbilliton.com9, jquery@3.4.1, moment@2.24.010, info@socar.az11, info@ahliunited.com, info.aubuk@ahliunited.com, contact@ahliunited.com, aubl.info@ahliunited.com, info@ahlibank-oman.com, aubuk.info@ahliunited.com, egypt.callcenter@ahliunited.com, cb.iraq@cbiq.com.iq, info@ubci-libya.com, hayakom@ahliunited.com, ehelp@ahliunited.com, merchantrelation@ahliunited.com, kuwaitcomplaints@ahliunited.com, AUBKPB@ahliunited.com, Fraud.Monitoring@ahliunited.com12, info@grameenphone.com, detelex@btcl.com.bd, domain@btcl.com.bd, md@btcl.gov.bd, md@btcl.com.bd, md@btcl.net.bd13, T.Bobrova@beloil.by, info@bnk.by, e.demenchuk@beloil.by, E.Demenchuk@beloil.by, aladyna@bnk.by, fancybox@3.5.7, info@neftegaz.ru, Rating@Mail.ru, eng.editors@interfax.ru, WesolowskyA@rferl.org, webteam@rferl.org14, media.relations@ab-inbev.com, abimedia@cn.ab-inbev.com, media@anheuser-busch.com, accomext@ambev.com.br, Corporategovernance@ab-inbev.com, name@company.com, Print-Digital-Bundles@2x.png15, 9688348eb72d4f499a5386e82a02b1df@sentry.io, Ethics-ResposibilityforEthics-banner@2x1.jpg, Home-banner-annualReport@2x.png, Ethics-dividingImage-WhoWeAre@2x.jpg, WWD-Business-banner@2x.jpg, WWD-Consumer-banner@2x.jpg, WWD-MFS-banner@2x1.jpg, Mask-Group-43@2x.jpg, Careers-MTNers-banner@2x.jpg, Careers-Yellow-DNA-banner@2x1.jpg, Careers-Vacancies-banner@2x.jpg, Careers-GGP-banner@2x.jpg, invest-finRep-banner@2x.jpg, Inv-sharholders-half@2x.jpg, inv-analystCov-banner@2x4.jpg, Car-share-sharePrice@2x.jpg, inv-sens-banner@2x.jpg, investor.relations@mtn.com, sustainability@mtn.com, MTNGroup.PressOffice@mtn.com, mtngrouppressoffice@mtn.co.za, stackdriver-errors-js@v0.7.0, editors@commsupdate.com16, pageadmin@marvell.com, ir@marvell.com17, transferwise-signpost_@2x-578c6dc850d039d89c0266130467c56b.png, 200info-bl@unicreditgroup.bawww.unicreditbank-bl.ba, info-bl@unicreditgroup.ba, gorana.zoric@novablbanka.com, aleksandar.ljuboja@novablbanka.com, info@unicreditgroup.ba, consulting@seenews.com, customercare@seenews.com18, info@lucaradiamond.com, html5shiv@3.7.3, mobile-detect@1.4.3, customer@example.com, u002F01670db7f463402085dc9e319887ec36@sentry.io, brad.mcbain@impautomation.ca, privacy@glacierbizinfo.com